[{"model": "products.category", "pk": 1, "fields": {"name": "hot_sauce", "friendly_name": "Hot Sauce"}}, {"model": "products.category", "pk": 2, "fields": {"name": "spicy_snacks", "friendly_name": "Spicy Snacks"}}, {"model": "products.brand", "pk": 1, "fields": {"name": "samyang", "friendly_name": "Samyang"}}, {"model": "products.brand", "pk": 2, "fields": {"name": "takis", "friendly_name": "Takis"}}, {"model": "products.brand", "pk": 3, "fields": {"name": "cheetos", "friendly_name": "Cheetos"}}, {"model": "products.brand", "pk": 4, "fields": {"name": "kp", "friendly_name": "KP"}}, {"model": "products.brand", "pk": 6, "fields": {"name": "blue_diamond", "friendly_name": "Blue Diamond"}}, {"model": "products.brand", "pk": 7, "fields": {"name": "chilli_wizards", "friendly_name": "Chilli Wizards"}}, {"model": "products.brand", "pk": 8, "fields": {"name": "hotter_than_el", "friendly_name": "Hotter Than El"}}, {"model": "products.brand", "pk": 9, "fields": {"name": "daves_gourmet", "friendly_name": "Dave's Gourmet"}}, {"model": "products.brand", "pk": 10, "fields": {"name": "karma_sauce", "friendly_name": "Karma Sauce"}}, {"model": "products.brand", "pk": 11, "fields": {"name": "hot_headz", "friendly_name": "Hot Headz"}}, {"model": "products.brand", "pk": 12, "fields": {"name": "da_bomb", "friendly_name": "Da’ Bomb"}}, {"model": "products.brand", "pk": 13, "fields": {"name": "marie_sharp", "friendly_name": "Marie Sharp"}}, {"model": "products.brand", "pk": 14, "fields": {"name": "daddy_cool", "friendly_name": "Daddy Cool"}}, {"model": "products.brand", "pk": 15, "fields": {"name": "adoboloco", "friendly_name": "AdoboLoco"}}, {"model": "products.brand", "pk": 16, "fields": {"name": "tia_lupita", "friendly_name": "Tia Lupita"}}, {"model": "products.brand", "pk": 17, "fields": {"name": "hot_ones", "friendly_name": "Hot Ones"}}, {"model": "products.brand", "pk": 18, "fields": {"name": "tobasco", "friendly_name": "TABASCO"}}, {"model": "products.brand", "pk": 19, "fields": {"name": "mikey_v", "friendly_name": "Mikey V"}}, {"model": "products.brand", "pk": 20, "fields": {"name": "bravado_spice", "friendly_name": "Bravado Spice"}}, {"model": "products.brand", "pk": 21, "fields": {"name": "angry_irishman", "friendly_name": "Angry Irishman"}}, {"model": "products.brand", "pk": 22, "fields": {"name": "khao_shong", "friendly_name": "Khao Shong"}}, {"model": "products.brand", "pk": 23, "fields": {"name": "rummy_bears", "friendly_name": "Rummy Bears"}}, {"model": "products.heatlevel", "pk": 1, "fields": {"name": "mild", "friendly_name": "Mild", "heat_order": 1}}, {"model": "products.heatlevel", "pk": 2, "fields": {"name": "medium", "friendly_name": "Medium", "heat_order": 2}}, {"model": "products.heatlevel", "pk": 3, "fields": {"name": "hot", "friendly_name": "Hot", "heat_order": 3}}, {"model": "products.heatlevel", "pk": 4, "fields": {"name": "extra_hot", "friendly_name": "Extra Hot", "heat_order": 4}}, {"model": "products.heatlevel", "pk": 5, "fields": {"name": "inferno", "friendly_name": "Inferno", "heat_order": 5}}, {"model": "products.product", "pk": 1, "fields": {"category": 1, "brand": 8, "heat_level": 5, "name": "Love Burns", "description": "Love Burns is a new hot sauce with Carolina reapers, 7 pot primos, trinidad scorpion and ghost pepper…a superhot sauce with flavor.", "ingredients": "Red 7 Pot Primo pepper mash (Red 7 Pot Primo Peppers and vinegar), Reaper pepper mash (Reaper peppers, vinegar), Trinidad Scorpion pepper mash (Trinidad Scorpion Peppers, salt), lime juice, carrots, onions, apple cider vinegar, water, garlic, carrot concentrate, ghost chile powder", "staff_favourite": false, "price": "8.59", "rating": null, "image_url": null, "image": "love-burns.webp"}}, {"model": "products.product", "pk": 2, "fields": {"category": 1, "brand": 9, "heat_level": 5, "name": "Ultimate Insanity", "description": "Dave's Gourmet Ultimate Insanity Sauce offers a heat experience that is even hotter than Insanity, yet doesn’t back down in flavor. Jamming smoky Red Savina Habaneros into his original Insanity, Dave has crafted a sauce that will blow your mind and burn your taste buds. Experience your chili, wings, burgers, and pizza one drop at a time with insane heat and ultimate flavor.", "ingredients": "Red Habaneros, Water, Hot Pepper Extract, Cane Vinegar, Tomato Paste, Salt, Onions, Garlic, Acetic and Citric Acids (Acidity Regulators), Xanthan  Gum (Thickener).", "staff_favourite": false, "price": "8.49", "rating": null, "image_url": null, "image": "gourmet-insanity.webp"}}, {"model": "products.product", "pk": 3, "fields": {"category": 1, "brand": 9, "heat_level": 5, "name": "Ghost Pepper Jolokia Sauce", "description": "Dave's Gourmet Ghost Pepper Jolokia Sauce is so hot it’s spooky! This sauce haunts palates with its slightly fruity and savory hot chili pepper flavor. Possessing a deceptive heat that slowly creeps up on you and won’t let go. It makes a grave addition to stews, wings, potato salad, or any other food that could use some frightful spice one drop at a time!", "ingredients": "Ghost Pepper/Naga Jolokia, hot pepper extract, salt, vegetable oil, roasted garlic pulp, acetic acid.", "staff_favourite": false, "price": "9.99", "rating": null, "image_url": null, "image": "dave-ghost.webp"}}, {"model": "products.product", "pk": 4, "fields": {"category": 1, "brand": 10, "heat_level": 4, "name": "Funken Hot", "description": "Sparks will fly when you sample this funkaliscious groove on this sauce made with home grown 7 Pot Brown and Chocolate Habanero chiles.\r\nA thumping hot bass line mixes with aromatic Instant Karma for an epic flavor jam.\r\nSpin this on your favorite foods and you won’t stop till you hit the bottom of the bottle.", "ingredients": "hot brown pepper, organic sugar, apple cider vinegar, fresh lime juice, salt, garlic, spices EXTRA HOT", "staff_favourite": false, "price": "8.85", "rating": null, "image_url": null, "image": "funken-hot.webp"}}, {"model": "products.product", "pk": 5, "fields": {"category": 1, "brand": 11, "heat_level": 4, "name": "Blackberry Chipotle", "description": "This sweet & smoky blackberry chipotle hot sauce is ideal for grilled meats, Tex-Mex dishes and even desserts. National Chilli Awards 2023 Bronze Winner! Judges Comments: Nice, glossy appearance. Big blackberry notes with a pleasing sweetness upfront.", "ingredients": "Water, sugar, Blackberries (15%), Chipotle (4%), and Jalapeño peppers, balsamic vinegar (contains sodium metabisulphite E223), salt, thickeners: modified cornstarch E1422 and xanthan gum E415, garlic, artificial smoke and blackberry flavouring.", "staff_favourite": false, "price": "4.99", "rating": null, "image_url": null, "image": "hot-headz-blackberry.webp"}}, {"model": "products.product", "pk": 6, "fields": {"category": 1, "brand": 12, "heat_level": 4, "name": "Beyond Insanity", "description": "Lab-tested at 135,600  Scoville Units – one of the hottest sauces on the planet.\r\nWarning! This sauce is extremely hot.\r\nKeep out of reach of children.\r\nConsume one drop at a time with extreme caution.", "ingredients": "Habanero peppers (Habanero, Salt), Chipotle puree (Chipotles, water, salt, citric acid), water, orange juice concentrate, natural pepper flavoring, tomato paste, potassium sorbate and sodium benzoate (to preserve freshness).", "staff_favourite": false, "price": "11.49", "rating": null, "image_url": null, "image": "dabomb.webp"}}, {"model": "products.product", "pk": 7, "fields": {"category": 1, "brand": 13, "heat_level": 3, "name": "Hot Habanero Sauce", "description": "This unique carrot-based blend achieves the perfect balance between flavour and heat.\r\nNestled in the foothills of the Mayan Mountains, Marie Sharp’s factory still creates products the old-fashioned way: using the freshest vegetables and the finest ingredients. Her secret homemade recipe utilizes the potent red habanero pepper.\r\nProduced in the fertile paradise of Belize, her red habanero is considered to be the hottest variety of pepper known to man, Marie has spent many years cultivating a habanero worthy of her recipe.", "ingredients": "Select red habanero pepper, vinegar, fresh carrots, salt, onions, lime juice and garlic.", "staff_favourite": false, "price": "4.95", "rating": null, "image_url": null, "image": "marie-sharp-habenero.webp"}}, {"model": "products.product", "pk": 8, "fields": {"category": 1, "brand": 14, "heat_level": 3, "name": "Bajan Pepper Sauce", "description": "Each bottle contains 18.5% yellow scotch bonnet chillies which delivers that distinctive scotch bonnet aroma and fruitiness we all know and love. It’s a versatile sauce which compliments most foods, but particularly lends itself to stews, meats and fish.\r\nDaddy Cool would even go as far as putting it on breakfast cereal but that’s arguably a step too far for most.", "ingredients": "Spirit Vinegar, Water, Scotch Bonnet Chilli (18.5%), White Onion, Yellow MUSTARD ( Water, MUSTARD Flour (22%), Sugar, Spirit Vinegar, Salt, MUSTARD Bran (3.5%), Turmeric, Rapeseed Oil, Preservative (Potassium Sorbate), Stabiliser (Xanthan Gum)), Brown Sugar, Garlic, Curry Powder (Coriander, Turmeric, Cumin, Iodised Salt, Chilli, Fenugreek, Ajowan, Black Pepper, Garlic Powder), Turmeric, Salt, E415.", "staff_favourite": false, "price": "5.45", "rating": null, "image_url": null, "image": "bajan-pepper.webp"}}, {"model": "products.product", "pk": 9, "fields": {"category": 1, "brand": 15, "heat_level": 3, "name": "Kolohekid! Hot Sauce", "description": "KoloheKid is made with Ghost Peppers and cut with Hawaiian Chili Peppers. The heat is there but it’s a slightly tamer version with layers of depth and flavor.", "ingredients": "Apple Cider Vinegar, Ghost Peppers, Sea Salt, Garlic", "staff_favourite": false, "price": "14.99", "rating": null, "image_url": null, "image": "kolohekid.webp"}}, {"model": "products.product", "pk": 10, "fields": {"category": 1, "brand": 16, "heat_level": 2, "name": "Habenero Hot Sauce", "description": "This Habanero Hot Sauce is an original family recipe that is all flavor. Tia Lupita combines just the right amount of heat balanced with the natural sweetness of each fruit. \r\n\r\nHandmade, in small batches, using just a few all natural ingredients, including habanero peppers, dates, mangos and spices. All ingredients are sourced from local farms, and are non-GMO and gluten-free certified. No added sugar!\r\n\r\nUse as a condiment with breakfast burritos, eggs, sandwiches, tacos, pulled pork, steak, chicken, fish, quesadillas, and more.", "ingredients": "Water, Carrots, Onion, Distilled Vinegar, Fresh Habanero Peppers, Organic Date Syrup, Canola Oil, Mangos, Salt, Garlic, Black Pepper, Red Bell Peppers, Oregano, Cumin, Habanero Powder, Turmeric", "staff_favourite": true, "price": "14.99", "rating": null, "image_url": null, "image": "tia-lupita.webp"}}, {"model": "products.product", "pk": 11, "fields": {"category": 1, "brand": 17, "heat_level": 2, "name": "Los Calientes Rojo", "description": "Applewood smoked red jalapeños lend sweetness while added citrus and an extra handful of habanero up the heat factor. A unique mix of herbs and tart apricot give this sauce its signature flavor with increased nuance for an unforgettable condiment.", "ingredients": "Peppers (Smoked red jalapeno, habanero), apricot (ascorbic acid and citric acid added), apple cider vinegar, agave nectar, lemon juice, tomatillo, water, garlic, salt, toasted onion, cumin, culantro, black pepper, thyme, celery seed", "staff_favourite": false, "price": "11.99", "rating": null, "image_url": null, "image": "los-calientes-rojo.webp"}}, {"model": "products.product", "pk": 12, "fields": {"category": 1, "brand": 18, "heat_level": 2, "name": "Original Red Sauce", "description": "A classic!\r\nSince 1868, TABASCO® brand Original Red Sauce has been handcrafted with just three ingredients: aged red peppers, salt and distilled vinegar. This simple recipe produces a unique pungent flavor that works with just about any cuisine. Gluten free, with zero calories and less sodium than other pepper sauces,", "ingredients": "Distilled vinegar, red pepper, salt", "staff_favourite": false, "price": "4.49", "rating": null, "image_url": null, "image": "tobasco.webp"}}, {"model": "products.product", "pk": 13, "fields": {"category": 1, "brand": 19, "heat_level": 1, "name": "Zing", "description": "Zing, is Mikey V's mildest sauce, but is sure a crowd favourite! \r\nUsing a mild, red pepper, and fresh garlic, mixed with sugar and vinegar, this versatile sauce can be used as a glaze or dipping sauce.", "ingredients": "Distilled Water, Sugar, White Vinegar, Red Fresno Peppers, Fresh Garlic, Salt, Xanthan Gum.", "staff_favourite": false, "price": "7.99", "rating": null, "image_url": null, "image": "zing.webp"}}, {"model": "products.product", "pk": 14, "fields": {"category": 1, "brand": 20, "heat_level": 1, "name": "Jalapeno & Green Apple", "description": "Granny Smith apples blended with only the freshest peppers and garlic. This isn't your typical \"green\" sauce; it's a game changer.", "ingredients": "Green Apple, Poblano Pepper, Jalapeño, White Wine Vinegar, Garlic, Sea Salt", "staff_favourite": false, "price": "7.95", "rating": null, "image_url": null, "image": "bravado-apple.webp"}}, {"model": "products.product", "pk": 15, "fields": {"category": 1, "brand": 21, "heat_level": 1, "name": "Dill-licious Dill Pickle Hot Sauce", "description": "Dill-Licious is a flavorful combination of dill pickles, garlic, and onions.  This sauce pairs well with hot dogs, hamburgers, potato salad, & deviled eggs", "ingredients": "Tomatillos, Dill pickles (fresh cucumber, water, vinegar, contains less than 2% of salt, calcium chloride, natural dill flavor, gum Arabic, tumeric extract, (color) natural garlic flavor) red onions, garlic, lime juice, extra virgin olive oil, scorpion pepper mash (scorpion pepper, distilled vinegar) dill weed", "staff_favourite": false, "price": "8.25", "rating": null, "image_url": null, "image": "dillicous.webp"}}, {"model": "products.product", "pk": 16, "fields": {"category": 2, "brand": 6, "heat_level": 1, "name": "Spicy Dill Pickle Almonds", "description": "Each crunchy almond packs a zesty punch that will leave your taste buds tingling. Packed with savory garlic and vinegar seasonings that can be described as nothing short of dill-licious, you’ve got to try them for yourself.", "ingredients": "Almonds, spicy dill seasoning (corn maltodextrin, salt, sugar, dextrose, malic acid, white vinegar powder [corn maltodextrin, white distilled vinegar], citric acid, dehydrated dill, garlic powder, onion powder, natural flavoring (including chili pepper), acetic acid), vegetable oil (almond, canola, safflower and/or sunflower).", "staff_favourite": false, "price": "6.99", "rating": null, "image_url": null, "image": "dill-almonds.webp"}}, {"model": "products.product", "pk": 17, "fields": {"category": 2, "brand": 2, "heat_level": 1, "name": "Ninja Teriyaki", "description": "Fried corn snack product with amazing teriyaki sauce flavor. Takis Teriyaki is the more \"oriental\" version of these famous spicy Mexican snacks that delight lovers of spicy food.", "ingredients": "Corn flour, vegetable fat (palm), teriyaki flavor prepared seasoning [sugar, spices, flavor enhancers (monosodium glutamate, disodium 5'-ribonucleotides), salt, corn maltodextrin, natural flavoring, fructose, acidity regulators ( citric acid, sodium acetates, malic acid), flavorings, vegetable oil (rape), coloring (papper extract)] Vegetable oil (sunflower).\r\nMay contain milk and/or soy.", "staff_favourite": false, "price": "6.50", "rating": null, "image_url": null, "image": "teriyaki-taki.webp"}}, {"model": "products.product", "pk": 18, "fields": {"category": 2, "brand": 4, "heat_level": 2, "name": "Chilli Peanuts", "description": "Spicy Chilli Flavour Peanuts\r\nPackaged in a protective atmosphere.", "ingredients": "Peanuts, Spicy Chilli Flavour [Natural Flavourings, Yeast Extract, Salt, Maltodextrin, Dried Onion, Chilli Powder, Spices, Dried Tomato, Dried Garlic, Colour: Paprika Extract, Acid: Citric Acid, Natural Chilli Flavourings], Sunflower Oil", "staff_favourite": false, "price": "3.70", "rating": null, "image_url": null, "image": "kp-peanut.webp"}}, {"model": "products.product", "pk": 19, "fields": {"category": 2, "brand": 22, "heat_level": 2, "name": "Wasabi Coated Green Peas", "description": "Wasabi coated green peas\r\nCrunchy with medium spice.\r\nDelicious!", "ingredients": "Green Peas 62%, Glutinous Rice Flour 14%, Wheat flour 6%, Palm oil 5%, Sunflower oil 1.10%, Sugar 4.8%, Horseradish (Wasabi) 6%, Salt 1.10%, FD&C Yellow #5(E1022), FD&C Blue (E133)", "staff_favourite": false, "price": "3.95", "rating": null, "image_url": null, "image": "wasabi-pea.webp"}}, {"model": "products.product", "pk": 20, "fields": {"category": 2, "brand": 1, "heat_level": 2, "name": "Buldak Carbo Hot Chicken Flavor", "description": "Samyang Carbo Hot Chicken Flavor Ramen is a variety of Samyang’s original Buldak Bokkeum Myeon noodles, one of the spiciest and hottest Korean noodles, which is also called ‘Korean fire noodles’. The Carbo Hot Chicken Ramen from this brand is available in a 130g packet and it features the flavour of Italian hot pasta called Carbonara. Though it is less spicy compared to the original hot chicken ramen, still it is spicy enough to blow your head off.", "ingredients": "Noodles 77.5%: Wheat Flour, Modified Tapioca Starch, Refined Palm Oil, Modified Potato Starch, Refined Salt, Glycerin, Soybean Oil, Thickener (Guar Gum E412), Purified Water, Emulsifier ( Lecithin E322), Acidity Regulator( Potassium Carbonate Anhydrous E501, Sodium Carbonate E500, Sodium Phosphate Dibasic E339, Citric Acid E330), Green Tea Flavour Oil\r\nSoup 12.7%: Whole Milk Powder, White Sugar, Milk Powder, Salt, Mozzarella Cheese Powder, Butter Powder, Modified Potato Starch, Parsley Curly, Pepper Powder, Garlic Powder, Soybean Oil\r\nFlake 9.8%: Water, Soy Sauce, White Sugar, Artificial Chicken Flavour Powder, Artificial Chicken Flavour, Red Pepper Powder, Chilli Pepper Powder, Soybean Oil, Onion, Red Pepper Seed Oil, Garlic, Modified Potato Starch, Paprika Extract, Decolorized Chilli Extract, Black Pepper Powder, Curry Powder", "staff_favourite": false, "price": "2.05", "rating": null, "image_url": null, "image": "samyang-carbo.webp"}}, {"model": "products.product", "pk": 21, "fields": {"category": 2, "brand": 3, "heat_level": 3, "name": "Crunchy XXTRA FLAMIN' HOT Cheese Flavored Snacks", "description": "Turn up the heat with extra hot, spicy flavor packed into crunchy, cheese snacks", "ingredients": "Enriched Corn Meal (Corn Meal, Ferrous Sulfate, Niacin, Thiamin Mononitrate, Riboflavin, Folic Acid), Vegetable Oil (Corn, Canola, and/or Sunflower Oil), Xxtra FLAMIN' HOT® Seasoning (Salt, Maltodextrin [Made From Corn], Sugar, Yeast Extract, Monosodium Glutamate, Citric Acid, Artificial Color [Red 40 Lake, Yellow 6 Lake, Yellow 6, Yellow 5], Sunflower Oil, Hydrolyzed Corn Protein, Cheddar Cheese [Milk, Cheese Cultures, Salt, Enzymes], Onion Powder, Whey, Natural Flavor, Garlic Powder, Whey Protein Concentrate, Buttermilk, Corn Syrup Solids, Sodium Diacetate), and Salt", "staff_favourite": false, "price": "4.48", "rating": null, "image_url": null, "image": "xtra-flaming-hot.webp"}}, {"model": "products.product", "pk": 22, "fields": {"category": 2, "brand": 2, "heat_level": 3, "name": "Fuego Tortilla Chips", "description": "Takis Fuego Spicy Chili Pepper and Lime Rolled Tortilla Chips explode with a multitude of flavours in every bite. Each crisp and crunchy piece of rolled tortilla delivers a blast of flaming hot chili pepper and tangy lime that tingles your taste buds. These spicy corn chips are sure to thrill chip lovers, but beware—once you’ve tried Takis, ordinary snack foods will never compare.", "ingredients": "Corn Flour,Vegetable Oil (Soybean And/Or Canola ) And Palm Oil (Palm Oil And/Or Fractionated Palm Oil), Seasoning [Corn Maltodextrin, Sugar, Citric Acid, Potassium Choride, Rice Flour, Salt, Monosodium Glutamate, Natural And Artificial Flavours (Corn Maltodextrin, Yeast Extract, Monosodium Glutamate, Disodium Inosinate And Guanylate, Potato Starch, Gum Arabic), Hydrolyzed Soybean Protein, Dehydrated Onion, Spice Extractives (Including Red Chili Pepper), Sodium Bicarbonate, Colours, Disodium Inosinate And Guanylate, Sodium Acetate, Soybean Oil, Acetic Acid, Bha And Silicon Dioxide.Contains Barley Gluten.], Water.\r\n\r\nMay Contain:Peanuts, Milk, Egg, Wheat, Sulphites And Mustard.", "staff_favourite": false, "price": "5.50", "rating": null, "image_url": null, "image": "takis-fuego.webp"}}, {"model": "products.product", "pk": 23, "fields": {"category": 2, "brand": 7, "heat_level": 4, "name": "Insane Ghost Chilli Peanuts", "description": "Hand made in the Chilli Wizards Kitchens to make the perfect snack and flavoured to our own Louisiana Creole Seasoning recipe. NOT for the faint hearted.\r\n\r\nThese peanuts are surely the perfect molten snack for the hardened chilli head\r\n\r\nNot your average boring bar snack\r\n\r\nThese painfully hot peanuts have been generously coated with a Louisiana Ghost Pepper Chilli mix and if you value your taste-buds even in the slightest, we wouldn't recommend shovelling handful after handful into your mouth\r\n\r\nMake no mistake, these nuts are very very hot and will be a fantastic addition to any chilli heads most wanted list", "ingredients": "Peanuts, Rapeseed Oil, Salt, Ghost Pepper Powder, Spices, Herbs, Onion, Garlic, Paprika, Cayenne", "staff_favourite": false, "price": "2.60", "rating": null, "image_url": null, "image": "chili-wizard.webp"}}, {"model": "products.product", "pk": 24, "fields": {"category": 2, "brand": 1, "heat_level": 4, "name": "3xSpicy Bulkdak Noodle", "description": "Samyang 3x Spicy Hot Chicken Ramen will leave you burning from your lips all the way down. Samyang are renowned for their spicy ramen noodles and this is there hottest one yet!\r\n\r\nSamyang has created their hottest spiciest ramen ever with this limited edition 3x spicy Chicken Ramen Noodles.", "ingredients": "NOODLES: Wheat flour, modified tapioca starch, refined palm oil, refined salt, emulsifier, acidity regulator (E501), sodium carbonate (E500), Sodium phosphate (E339), citric acid (E330), thickener (E412), green tea flavor oil.\r\n\r\nSOUP: Water, Soy Sauce, White sugar, artificial chicken flavor powder, artificial chicken flavor, chilli pepper powder, soybean oil, decolorized chilli extract, red pepper powder, onion, flavor enhancer (E621), garlic, modified potato starch, paprika extract, black pepper powder, curry powder.\r\n\r\nFLAKES: roasted sesame, roaster laver", "staff_favourite": false, "price": "1.95", "rating": null, "image_url": null, "image": "samyang3xnoodle.webp"}}, {"model": "products.product", "pk": 25, "fields": {"category": 2, "brand": 23, "heat_level": 5, "name": "Reapers Gummy Bears", "description": "Rummy Bears Reapers Gummy Bears are super, super-hot Carolina Reaper and 9 Million SHU Chilli extract infused Gummy Bears for the true heat seeking enthusiast!", "ingredients": "Gelatin, Corn Syrup, Sugar, Water, Citric Acid, Natural Fruit Flavouring, Coconut Oil. Reaper Sauce Ingredients: Carolina Reaper Chilli fresh and dried, 9M SHU Chilli Extract, Chilli Powder, Vinegar, Garlic, Onion, Tomato Paste, Salt, Pepper", "staff_favourite": false, "price": "17.95", "rating": null, "image_url": null, "image": "reapers-gummy.webp"}}]